{
  "train_mean_error": 0.008585646488805486,
  "train_99pct_threshold": 0.030513723672979196,
  "test_mean_error": 0.008847945294437803
}