{
  "test_loss": 0.11302822083234787,
  "test_accuracy": 0.9647037982940674
}